-- phpMyAdmin SQL Dump
-- version 4.3.8
-- http://www.phpmyadmin.net
--
-- Хост: localhost
-- Время создания: Янв 19 2018 г., 00:12
-- Версия сервера: 5.5.51-38.2
-- Версия PHP: 5.6.30

SET SQL_MODE = "NO_AUTO_VALUE_ON_ZERO";
SET time_zone = "+00:00";


/*!40101 SET @OLD_CHARACTER_SET_CLIENT=@@CHARACTER_SET_CLIENT */;
/*!40101 SET @OLD_CHARACTER_SET_RESULTS=@@CHARACTER_SET_RESULTS */;
/*!40101 SET @OLD_COLLATION_CONNECTION=@@COLLATION_CONNECTION */;
/*!40101 SET NAMES utf8 */;

--
-- База данных: `paulined_moodle`
--

-- --------------------------------------------------------

--
-- Структура таблицы `mdl_feedback`
--

CREATE TABLE IF NOT EXISTS `mdl_feedback` (
  `id` bigint(10) NOT NULL,
  `course` bigint(10) NOT NULL DEFAULT '0',
  `name` varchar(255) NOT NULL DEFAULT '',
  `intro` longtext NOT NULL,
  `introformat` smallint(4) NOT NULL DEFAULT '0',
  `anonymous` tinyint(1) NOT NULL DEFAULT '1',
  `email_notification` tinyint(1) NOT NULL DEFAULT '1',
  `multiple_submit` tinyint(1) NOT NULL DEFAULT '1',
  `autonumbering` tinyint(1) NOT NULL DEFAULT '1',
  `site_after_submit` varchar(255) NOT NULL DEFAULT '',
  `page_after_submit` longtext NOT NULL,
  `page_after_submitformat` tinyint(2) NOT NULL DEFAULT '0',
  `publish_stats` tinyint(1) NOT NULL DEFAULT '0',
  `timeopen` bigint(10) NOT NULL DEFAULT '0',
  `timeclose` bigint(10) NOT NULL DEFAULT '0',
  `timemodified` bigint(10) NOT NULL DEFAULT '0',
  `completionsubmit` tinyint(1) NOT NULL DEFAULT '0'
) ENGINE=InnoDB AUTO_INCREMENT=13 DEFAULT CHARSET=utf8 COMMENT='all feedbacks';

--
-- Дамп данных таблицы `mdl_feedback`
--

INSERT INTO `mdl_feedback` (`id`, `course`, `name`, `intro`, `introformat`, `anonymous`, `email_notification`, `multiple_submit`, `autonumbering`, `site_after_submit`, `page_after_submit`, `page_after_submitformat`, `publish_stats`, `timeopen`, `timeclose`, `timemodified`, `completionsubmit`) VALUES
(1, 2, 'Данные для получения сертификата', '<p>Данная форма служит для изготовления сертификата Школы Профессионального Программирования.</p><p><b>Для заполнения формы нажмите "Ответьте на вопросы ..."</b></p>', 1, 2, 1, 0, 0, '', '<p>Спасибо! Ваши ответы учтены. С Вами свяжется администратор или преподаватель курса о получении сертификата.</p>', 1, 0, 0, 0, 1502452898, 0),
(2, 13, 'Тест: Об учебе 1', '<p>Прежде, чем начинать обучение на курсе, стоит пройти небольшой тест. Он не связан с учебными материалами, но в нем Вы сможете высказать свое мнение насчет кафедры, преподавателей и т.д.</p><p><i>Для прохождения теста нужно перейти на страницу теста и нажать "Ответить на вопросы".</i><br></p><p><b>Тест дает доступ к прохождению практического теста первой недели.</b></p>', 1, 2, 0, 0, 0, 'http://dl.paulinedate.com/moodle/course/view.php?id=13#section-2', '<p>Спасибо! Ваши ответы учтены и будут переданы преподавателю курса!<br></p>', 1, 0, 0, 0, 1503220428, 1),
(4, 13, 'О влиянии на обучение', '<p>Перед сдачей второго модуля стоит сдать этот тест.&nbsp;<br><span style="font-size: 14.44px;"><b>Студенты, не сдавшие данный тест, не допускаются к экзамену!</b><br>Студенты, которые сдадут данный тест, могут претендовать на дополнительные баллы за итоговую оценку.</span></p>', 1, 2, 0, 0, 1, '', '', 1, 0, 0, 0, 1504102699, 1),
(5, 14, 'О влиянии на обучение', '<p>Перед сдачей второго модуля стоит сдать этот тест. <b><br>Студенты, не прошедшие данный тест, не допускаются к получению итоговой оценки!</b><br>Студенты, которые сдадут данный тест, могут претендовать на дополнительные баллы за итоговую оценку.</p>', 1, 2, 0, 0, 1, '', '', 1, 0, 0, 0, 1504102712, 1),
(9, 22, 'Опрос: параметры влияния на обучение', '<p>Данный опрос нацелен на определение уровня влияния некоторых параметров на обучение студентов после внедрение дистанционной составляющей в учебный процесс Одесского национального политехнического университета.</p>', 1, 2, 0, 1, 1, '', '<p>Спасибо, что прошли наш опрос!</p><p>Ваши ответы важны для нашего исследования, они помогут нам сделать обучение в системе более продуктивным!</p>', 1, 0, 0, 0, 1505305375, 1),
(10, 19, 'Анкета слушателя', '<p>Здесь слушатели заполняют личную информацию: ФИО, какими пакетами и навыками владеют на старте курса.</p><p>Информация строго конфиденциальна, используется лишь для заполнения сертификатов.</p>', 1, 1, 0, 0, 0, '', '', 1, 0, 0, 0, 1507998718, 1),
(11, 19, 'Анкета выпускника', '', 1, 2, 0, 0, 0, '', '', 1, 0, 0, 0, 1508168297, 0),
(12, 31, 'Результаты тестирования на сайте quizful.net', '<p>Пройдите 3 раза тестирование&nbsp;на сайте quizful.net по квалификации Junior C# Developer и впишите здесь свои результаты</p>', 1, 1, 0, 1, 1, '', '', 1, 0, 0, 0, 1512415890, 0);

-- --------------------------------------------------------

--
-- Структура таблицы `mdl_feedback_completed`
--

CREATE TABLE IF NOT EXISTS `mdl_feedback_completed` (
  `id` bigint(10) NOT NULL,
  `feedback` bigint(10) NOT NULL DEFAULT '0',
  `userid` bigint(10) NOT NULL DEFAULT '0',
  `timemodified` bigint(10) NOT NULL DEFAULT '0',
  `random_response` bigint(10) NOT NULL DEFAULT '0',
  `anonymous_response` tinyint(1) NOT NULL DEFAULT '0',
  `courseid` bigint(10) NOT NULL DEFAULT '0'
) ENGINE=InnoDB AUTO_INCREMENT=108 DEFAULT CHARSET=utf8 COMMENT='filled out feedback';

--
-- Дамп данных таблицы `mdl_feedback_completed`
--

INSERT INTO `mdl_feedback_completed` (`id`, `feedback`, `userid`, `timemodified`, `random_response`, `anonymous_response`, `courseid`) VALUES
(2, 9, 91, 1505308063, 0, 2, 0),
(3, 9, 2, 1505308155, 0, 2, 0),
(4, 9, 196, 1505327306, 0, 2, 0),
(5, 9, 197, 1505327746, 0, 2, 0),
(6, 9, 198, 1505327815, 0, 2, 0),
(7, 9, 200, 1505330486, 0, 2, 0),
(8, 5, 117, 1508402576, 0, 2, 0),
(9, 5, 125, 1508403187, 0, 2, 0),
(10, 4, 135, 1511340445, 0, 2, 0),
(11, 4, 177, 1511363215, 0, 2, 0),
(12, 4, 181, 1511370445, 0, 2, 0),
(13, 5, 170, 1511371583, 0, 2, 0),
(14, 4, 169, 1511454420, 0, 2, 0),
(15, 4, 199, 1511477509, 0, 2, 0),
(16, 5, 133, 1511798888, 0, 2, 0),
(17, 5, 266, 1511803495, 0, 2, 0),
(18, 5, 114, 1511890317, 0, 2, 0),
(19, 5, 143, 1511890327, 0, 2, 0),
(20, 4, 194, 1511954459, 0, 2, 0),
(21, 5, 116, 1511973287, 0, 2, 0),
(22, 5, 101, 1511979032, 0, 2, 0),
(23, 4, 263, 1511983632, 0, 2, 0),
(24, 5, 97, 1512058676, 0, 2, 0),
(25, 5, 104, 1512065160, 0, 2, 0),
(26, 5, 156, 1512073262, 0, 2, 0),
(27, 5, 105, 1512081851, 0, 2, 0),
(28, 5, 96, 1512130773, 0, 2, 0),
(29, 4, 185, 1512135167, 0, 2, 0),
(30, 5, 145, 1512209299, 0, 2, 0),
(31, 5, 111, 1512214178, 0, 2, 0),
(32, 5, 98, 1512216511, 0, 2, 0),
(33, 5, 205, 1512255803, 0, 2, 0),
(34, 4, 182, 1512299857, 0, 2, 0),
(35, 5, 144, 1512316866, 0, 2, 0),
(36, 5, 123, 1512321338, 0, 2, 0),
(37, 5, 122, 1512331195, 0, 2, 0),
(38, 5, 121, 1512351749, 0, 2, 0),
(39, 5, 161, 1512367007, 0, 2, 0),
(40, 5, 103, 1512370808, 0, 2, 0),
(41, 5, 167, 1512419754, 0, 2, 0),
(42, 4, 228, 1512500024, 0, 2, 0),
(43, 4, 130, 1512549120, 0, 2, 0),
(44, 5, 166, 1512568873, 0, 2, 0),
(45, 5, 129, 1512585558, 0, 2, 0),
(46, 5, 175, 1512589935, 0, 2, 0),
(47, 5, 174, 1512605446, 0, 2, 0),
(48, 5, 215, 1512617185, 0, 2, 0),
(49, 5, 164, 1512630592, 0, 2, 0),
(50, 5, 225, 1512635081, 0, 2, 0),
(51, 5, 148, 1512635191, 0, 2, 0),
(52, 5, 220, 1512635964, 0, 2, 0),
(53, 5, 127, 1512636075, 0, 2, 0),
(54, 5, 124, 1512636077, 0, 2, 0),
(55, 5, 248, 1512636382, 0, 2, 0),
(56, 5, 102, 1512636510, 0, 2, 0),
(57, 5, 223, 1512636748, 0, 2, 0),
(58, 5, 137, 1512639114, 0, 2, 0),
(59, 5, 160, 1512639258, 0, 2, 0),
(60, 5, 211, 1512639461, 0, 2, 0),
(61, 5, 176, 1512639865, 0, 2, 0),
(62, 5, 141, 1512640709, 0, 2, 0),
(63, 5, 168, 1512640978, 0, 2, 0),
(64, 5, 126, 1512642608, 0, 2, 0),
(65, 4, 190, 1512642958, 0, 2, 0),
(66, 5, 242, 1512644298, 0, 2, 0),
(67, 5, 209, 1512644709, 0, 2, 0),
(68, 5, 244, 1512646135, 0, 2, 0),
(69, 4, 193, 1512662356, 0, 2, 0),
(70, 4, 208, 1512662422, 0, 2, 0),
(71, 5, 100, 1512663070, 0, 2, 0),
(72, 5, 139, 1512665438, 0, 2, 0),
(73, 4, 201, 1512667927, 0, 2, 0),
(74, 4, 269, 1512671560, 0, 2, 0),
(75, 4, 236, 1512671562, 0, 2, 0),
(76, 4, 235, 1512671636, 0, 2, 0),
(77, 4, 134, 1512672014, 0, 2, 0),
(78, 4, 142, 1512672097, 0, 2, 0),
(79, 4, 191, 1512675322, 0, 2, 0),
(80, 4, 192, 1512676301, 0, 2, 0),
(81, 4, 234, 1512678534, 0, 2, 0),
(82, 4, 136, 1512679989, 0, 2, 0),
(83, 4, 132, 1512681527, 0, 2, 0),
(84, 4, 187, 1512682720, 0, 2, 0),
(85, 4, 241, 1512683334, 0, 2, 0),
(86, 4, 229, 1512690194, 0, 2, 0),
(87, 4, 183, 1512726357, 0, 2, 0),
(88, 4, 264, 1512727765, 0, 2, 0),
(89, 4, 270, 1512727853, 0, 2, 0),
(90, 4, 221, 1512728368, 0, 2, 0),
(91, 4, 184, 1512730015, 0, 2, 0),
(92, 5, 227, 1512735477, 0, 2, 0),
(93, 5, 218, 1512738159, 0, 2, 0),
(94, 12, 531, 1512930739, 2, 1, 0),
(95, 12, 530, 1512980710, 1, 1, 0),
(96, 4, 243, 1513026244, 0, 2, 0),
(97, 9, 93, 1513063720, 0, 2, 0),
(98, 5, 165, 1513076378, 0, 2, 0),
(99, 12, 535, 1513186014, 0, 1, 0),
(100, 5, 120, 1513269326, 0, 2, 0),
(101, 5, 210, 1513272650, 0, 2, 0),
(102, 4, 207, 1513284363, 0, 2, 0),
(103, 4, 180, 1513327466, 0, 2, 0),
(104, 5, 99, 1513947486, 0, 2, 0),
(105, 4, 178, 1514111752, 0, 2, 0),
(106, 4, 195, 1514228295, 0, 2, 0),
(107, 5, 172, 1514374519, 0, 2, 0);

-- --------------------------------------------------------

--
-- Структура таблицы `mdl_feedback_completedtmp`
--

CREATE TABLE IF NOT EXISTS `mdl_feedback_completedtmp` (
  `id` bigint(10) NOT NULL,
  `feedback` bigint(10) NOT NULL DEFAULT '0',
  `userid` bigint(10) NOT NULL DEFAULT '0',
  `guestid` varchar(255) NOT NULL DEFAULT '',
  `timemodified` bigint(10) NOT NULL DEFAULT '0',
  `random_response` bigint(10) NOT NULL DEFAULT '0',
  `anonymous_response` tinyint(1) NOT NULL DEFAULT '0',
  `courseid` bigint(10) NOT NULL DEFAULT '0'
) ENGINE=InnoDB AUTO_INCREMENT=10 DEFAULT CHARSET=utf8 COMMENT='filled out feedback';

--
-- Дамп данных таблицы `mdl_feedback_completedtmp`
--

INSERT INTO `mdl_feedback_completedtmp` (`id`, `feedback`, `userid`, `guestid`, `timemodified`, `random_response`, `anonymous_response`, `courseid`) VALUES
(9, 9, 91, '', 1505366932, 0, 2, 0);

-- --------------------------------------------------------

--
-- Структура таблицы `mdl_feedback_item`
--

CREATE TABLE IF NOT EXISTS `mdl_feedback_item` (
  `id` bigint(10) NOT NULL,
  `feedback` bigint(10) NOT NULL DEFAULT '0',
  `template` bigint(10) NOT NULL DEFAULT '0',
  `name` varchar(255) NOT NULL DEFAULT '',
  `label` varchar(255) NOT NULL DEFAULT '',
  `presentation` longtext NOT NULL,
  `typ` varchar(255) NOT NULL DEFAULT '',
  `hasvalue` tinyint(1) NOT NULL DEFAULT '0',
  `position` smallint(3) NOT NULL DEFAULT '0',
  `required` tinyint(1) NOT NULL DEFAULT '0',
  `dependitem` bigint(10) NOT NULL DEFAULT '0',
  `dependvalue` varchar(255) NOT NULL DEFAULT '',
  `options` varchar(255) NOT NULL DEFAULT ''
) ENGINE=InnoDB AUTO_INCREMENT=85 DEFAULT CHARSET=utf8 COMMENT='feedback_items';

--
-- Дамп данных таблицы `mdl_feedback_item`
--

INSERT INTO `mdl_feedback_item` (`id`, `feedback`, `template`, `name`, `label`, `presentation`, `typ`, `hasvalue`, `position`, `required`, `dependitem`, `dependvalue`, `options`) VALUES
(1, 1, 0, 'Фамилия (на украинском языке)', '', '70|255', 'textfield', 1, 1, 1, 0, '', ''),
(2, 1, 0, 'Имя (на украинском языке)', '', '70|255', 'textfield', 1, 2, 1, 0, '', ''),
(3, 1, 0, 'Отчество (на украинском языке)', '', '70|255', 'textfield', 1, 3, 1, 0, '', ''),
(4, 1, 0, 'Фамилия (на английском языке, в соответствии с загран.паспортом)', '', '70|255', 'textfield', 1, 4, 1, 0, '', ''),
(5, 1, 0, 'Имя  (на английском языке, в соответствии с загран.паспортом)', '', '70|255', 'textfield', 1, 5, 1, 0, '', ''),
(7, 1, 0, 'Выберите курс', '', 'r>>>>>Web-дизайн', 'multichoice', 1, 6, 1, 0, '', 'h'),
(8, 1, 0, 'Планируете ли Вы стать слушателем углубленного курса "Front-End Разработка. Javascript"', '', 'r>>>>>Да\r|Нет', 'multichoice', 1, 7, 1, 0, '', 'h'),
(9, 2, 0, 'Последовательно ли изложение дисциплин, преподаваемых на кафедре? (Например, сначала основы физики, потом электротехника, затем роботехнические системы)', '', 'r>>>>>Да\n|Нет<<<<<1', 'multichoice', 1, 2, 1, 0, '', 'h'),
(10, 2, 0, 'Как Вы считаете, нужна ли Вашей кафедре реорганизация - обновление учебных материалов, изменение преподавательского состава, улучшение качества преподавания и т.д.?', '', 'r>>>>>Да\n|Нет<<<<<1', 'multichoice', 1, 1, 1, 0, '', 'h'),
(11, 2, 0, 'Необходимы ли Вам конспекты лекций в электронном виде?', '', 'r>>>>>Да\n|Нет<<<<<1', 'multichoice', 1, 3, 1, 0, '', 'h'),
(12, 2, 0, 'Оцените качество методических изданий.', '', 'r>>>>>1\n|2\n|3\n|4\n|5<<<<<1', 'multichoice', 1, 4, 1, 0, '', 'h'),
(13, 2, 0, 'Оцените качество материала на лекциях.', '', 'r>>>>>1\n|2\n|3\n|4\n|5<<<<<1', 'multichoice', 1, 5, 1, 0, '', 'h'),
(14, 2, 0, 'Бывает ли у Вас такое ощущение, будто Вы знаете дисциплину лучше преподавателя?', '', 'r>>>>>Да\n|Нет<<<<<1', 'multichoice', 1, 6, 1, 0, '', 'h'),
(15, 2, 0, 'Считаете ли Вы, что стоит обновить учебную программу?', '', 'r>>>>>Да\n|Нет<<<<<1', 'multichoice', 1, 7, 1, 0, '', 'h'),
(16, 2, 0, 'Оцените качество лабораторных и практических занятий.', '', 'r>>>>>1\n|2\n|3\n|4\n|5<<<<<1', 'multichoice', 1, 8, 1, 0, '', 'h'),
(17, 2, 0, 'Каких направлений или предметов не хватает на кафедре?', '', '70|255', 'textfield', 1, 9, 1, 0, '', ''),
(37, 4, 0, 'Участвовали ли Вы когда-нибудь в подобного рода дистанционных курсах ранее?', '', 'r>>>>>Да\r|Нет<<<<<1', 'multichoice', 1, 1, 1, 0, '', 'h'),
(38, 4, 0, 'Как Вы считаете, повлияло ли количество материалов, размещенных на сайте, на итоговую оценку по дисциплине?', '', 'r>>>>>Количество материалов лекций, представленных на сайте, достаточно для успешного обучения\r|Количество материалов лекций было недостаточно для обучения - часто я пользовался(лась) сторонними ресурсами\r|Я не пользовался(лась) конспектами лекций вообще', 'multichoice', 1, 2, 1, 0, '', 'h'),
(39, 4, 0, 'Как Вы считаете, повлияло ли количество тестов на Вашу подготовку к модулю?', '', 'r>>>>>Тесты помогли мне разобраться с темой\r|Тесты мне только мешали, не давали возможности пройти дальше', 'multichoice', 1, 3, 1, 0, '', 'h'),
(40, 4, 0, 'Как Вы считаете, повлияло ли время, которое Вы затратили на прохождение теста, на итоговую оценку по дисциплине?', '', 'r>>>>>Чем дольше я сидел(а) над тестом, тем лучше понимал(а) вопрос, тем больше получал(а) баллов за тест\r|Чем дольше я сидел(а) над тестом, тем больше сомнений появлялось насчет вопросов, тем меньше получал(а) баллов за тест', 'multichoice', 1, 4, 1, 0, '', 'h'),
(41, 4, 0, 'Как Вы считаете, повлияло ли количество лабораторных работ на итоговую оценку по дисциплине?', '', 'r>>>>>Количество лабораторных работ давали мне более широкое представление о теме\r|Количество лабораторных работ только сбивало меня, порождало ряд новых вопросов\r|Мне все равно на количество лабораторных, для меня главное - сдать предмет', 'multichoice', 1, 5, 1, 0, '', 'h'),
(42, 4, 0, 'Как Вы считаете, сколько времени (в среднем) Вы тратили на подготовку к модулю?', '', 'r>>>>>До 30 минут\r|До 1 часа\r|До 2 часов\r|Более 2 часов', 'multichoice', 1, 6, 1, 0, '', 'h'),
(43, 5, 0, 'Участвовали ли Вы когда-нибудь в подобного рода дистанционных курсах ранее?', '', 'r>>>>>Да\n|Нет<<<<<1', 'multichoice', 1, 1, 1, 0, '', 'h'),
(44, 5, 0, 'Как Вы считаете, повлияло ли количество материалов, размещенных на сайте, на итоговую оценку по дисциплине?', '', 'r>>>>>Количество материалов лекций, представленных на сайте, достаточно для успешного обучения\r|Количество материалов лекций было недостаточно для обучения - часто я пользовался(лась) сторонними ресурсами\r|Я не пользовался(лась) конспектами лекций вообще', 'multichoice', 1, 2, 1, 0, '', 'h'),
(45, 5, 0, 'Как Вы считаете, повлияло ли количество тестов на Вашу подготовку к модулю?', '', 'r>>>>>Тесты помогли мне разобраться с темой\n|Тесты мне только мешали, не давали возможности пройти дальше', 'multichoice', 1, 3, 1, 0, '', 'h'),
(46, 5, 0, 'Как Вы считаете, повлияло ли время, которое Вы затратили на прохождение теста, на итоговую оценку по дисциплине?', '', 'r>>>>>Чем дольше я сидел(а) над тестом, тем лучше понимал(а) вопрос, тем больше получал(а) баллов за тест\n|Чем дольше я сидел(а) над тестом, тем больше сомнений появлялось насчет вопросов, тем меньше получал(а) баллов за тест', 'multichoice', 1, 4, 1, 0, '', 'h'),
(47, 5, 0, 'Как Вы считаете, повлияло ли количество лабораторных работ на итоговую оценку по дисциплине?', '', 'r>>>>>Количество лабораторных работ давали мне более широкое представление о теме\n|Количество лабораторных работ только сбивало меня, порождало ряд новых вопросов\n|Мне все равно на количество лабораторных, для меня главное - сдать предмет', 'multichoice', 1, 5, 1, 0, '', 'h'),
(48, 5, 0, 'Как Вы считаете, сколько времени (в среднем) Вы тратили на подготовку к модулю?', '', 'r>>>>>До 30 минут\n|До 1 часа\n|До 2 часов\n|Более 2 часов', 'multichoice', 1, 6, 1, 0, '', 'h'),
(69, 9, 0, 'Как Вы считаете, повлияло ли количество материалов, размещенных на сайте, на итоговую оценку по дисциплине?', '', 'r>>>>>Количество материалов лекций, представленных на сайте, достаточно для успешного обучения\r|Количество материалов лекций было недостаточно для обучения - часто я пользовался(лась) сторонними ресурсами\r|Я не пользовался(лась) конспектами лекций вообще', 'multichoice', 1, 1, 1, 0, '', 'h'),
(70, 9, 0, 'Как Вы считаете, повлияло ли количество тестов на Вашу подготовку к модулю?', '', 'r>>>>>Тесты помогли мне разобраться с темой\n|Тесты мне только мешали, не давали возможности пройти дальше', 'multichoice', 1, 2, 1, 0, '', 'h'),
(71, 9, 0, 'Как Вы считаете, повлияло ли время, которое Вы затратили на прохождение теста, на итоговую оценку по дисциплине?', '', 'r>>>>>Чем дольше я сидел(а) над тестом, тем лучше понимал(а) вопрос, тем больше получал(а) баллов за тест\r|Чем дольше я сидел(а) над тестом, тем больше сомнений появлялось насчет вопросов, тем меньше получал(а) баллов за тест', 'multichoice', 1, 3, 1, 0, '', 'h'),
(72, 9, 0, 'Как Вы считаете, повлияло ли количество лабораторных работ на итоговую оценку по дисциплине?', '', 'r>>>>>Количество лабораторных работ давали мне более широкое представление о теме\r|Количество лабораторных работ только сбивало меня, порождало ряд новых вопросов\r|Мне все равно на количество лабораторных, для меня главное - сдать предмет', 'multichoice', 1, 4, 1, 0, '', 'h'),
(73, 9, 0, 'Как Вы считаете, сколько времени (в среднем) Вы тратили на подготовку к модулю?', '', 'r>>>>>До 30 минут\r|До 1 часа\r|До 2 часов\r|Более 2 часов', 'multichoice', 1, 5, 1, 0, '', 'h'),
(74, 10, 0, 'Фамилия, имя, отчество на русском языке', '', '50|255', 'textfield', 1, 1, 1, 0, '', ''),
(75, 10, 0, 'Фамилия, имя, отчество на украинском языке (согласно паспорту или другому документу, удостоверяющего личность)', '', '50|255', 'textfield', 1, 2, 1, 0, '', ''),
(76, 10, 0, 'Фамилия, имя на английском языке (согласно загран. паспорту)', '', '50|255', 'textfield', 1, 3, 1, 0, '', ''),
(77, 10, 0, 'Отметьте, с какими из предложенных приложений Вы уже знакомы (работали)', '', 'c>>>>>Microsoft Office Word\r|Microsoft Paint\r|Paint.NET\r|GIMP\r|Adobe Lightroom\r|Adobe Photoshop\r|CorelDraw\r|Adobe Illustrator', 'multichoice', 1, 4, 1, 0, '', 'h'),
(78, 10, 0, 'Какова Ваша цель обучения на курсе?', '', '60|255', 'textfield', 1, 5, 1, 0, '', ''),
(80, 10, 0, 'Имеете ли Вы уже собственное онлайн-портфолио?', '', 'r>>>>>Да\r|Нет<<<<<1', 'multichoice', 1, 6, 1, 0, '', 'h'),
(81, 10, 0, 'Если на предыдущий вопрос Вы ответили "Да", укажите в поле внизу ссылку на свое онлайн-портфолио', '', '30|255', 'textfield', 1, 7, 0, 0, '', ''),
(82, 12, 0, 'Первая попытка', '', '0|20', 'numeric', 1, 1, 0, 0, '', ''),
(83, 12, 0, 'Вторая попытка', '', '0|20', 'numeric', 1, 2, 0, 0, '', ''),
(84, 12, 0, 'Третья попытка', '', '0|20', 'numeric', 1, 3, 0, 0, '', '');

-- --------------------------------------------------------

--
-- Структура таблицы `mdl_feedback_sitecourse_map`
--

CREATE TABLE IF NOT EXISTS `mdl_feedback_sitecourse_map` (
  `id` bigint(10) NOT NULL,
  `feedbackid` bigint(10) NOT NULL DEFAULT '0',
  `courseid` bigint(10) NOT NULL DEFAULT '0'
) ENGINE=InnoDB DEFAULT CHARSET=utf8 COMMENT='feedback sitecourse map';

-- --------------------------------------------------------

--
-- Структура таблицы `mdl_feedback_template`
--

CREATE TABLE IF NOT EXISTS `mdl_feedback_template` (
  `id` bigint(10) NOT NULL,
  `course` bigint(10) NOT NULL DEFAULT '0',
  `ispublic` tinyint(1) NOT NULL DEFAULT '0',
  `name` varchar(255) NOT NULL DEFAULT ''
) ENGINE=InnoDB DEFAULT CHARSET=utf8 COMMENT='templates of feedbackstructures';

-- --------------------------------------------------------

--
-- Структура таблицы `mdl_feedback_value`
--

CREATE TABLE IF NOT EXISTS `mdl_feedback_value` (
  `id` bigint(10) NOT NULL,
  `course_id` bigint(10) NOT NULL DEFAULT '0',
  `item` bigint(10) NOT NULL DEFAULT '0',
  `completed` bigint(10) NOT NULL DEFAULT '0',
  `tmp_completed` bigint(10) NOT NULL DEFAULT '0',
  `value` longtext NOT NULL
) ENGINE=InnoDB AUTO_INCREMENT=632 DEFAULT CHARSET=utf8 COMMENT='values of the completeds';

--
-- Дамп данных таблицы `mdl_feedback_value`
--

INSERT INTO `mdl_feedback_value` (`id`, `course_id`, `item`, `completed`, `tmp_completed`, `value`) VALUES
(12, 0, 69, 2, 0, '1'),
(13, 0, 70, 2, 0, '2'),
(14, 0, 71, 2, 0, '2'),
(15, 0, 72, 2, 0, '2'),
(16, 0, 73, 2, 0, '4'),
(17, 0, 69, 3, 0, '1'),
(18, 0, 70, 3, 0, '1'),
(19, 0, 71, 3, 0, '1'),
(20, 0, 72, 3, 0, '1'),
(21, 0, 73, 3, 0, '2'),
(22, 0, 69, 4, 0, '3'),
(23, 0, 70, 4, 0, '1'),
(24, 0, 71, 4, 0, '1'),
(25, 0, 72, 4, 0, '2'),
(26, 0, 73, 4, 0, '3'),
(27, 0, 69, 5, 0, '2'),
(28, 0, 70, 5, 0, '2'),
(29, 0, 71, 5, 0, '2'),
(30, 0, 72, 5, 0, '2'),
(31, 0, 73, 5, 0, '3'),
(32, 0, 69, 6, 0, '1'),
(33, 0, 70, 6, 0, '1'),
(34, 0, 71, 6, 0, '1'),
(35, 0, 72, 6, 0, '1'),
(36, 0, 73, 6, 0, '2'),
(37, 0, 69, 7, 0, '3'),
(38, 0, 70, 7, 0, '1'),
(39, 0, 71, 7, 0, '2'),
(40, 0, 72, 7, 0, '2'),
(41, 0, 73, 7, 0, '2'),
(42, 0, 43, 8, 0, '2'),
(43, 0, 44, 8, 0, '1'),
(44, 0, 45, 8, 0, '1'),
(45, 0, 46, 8, 0, '1'),
(46, 0, 47, 8, 0, '1'),
(47, 0, 48, 8, 0, '2'),
(48, 0, 43, 9, 0, '2'),
(49, 0, 44, 9, 0, '2'),
(50, 0, 45, 9, 0, '1'),
(51, 0, 46, 9, 0, '1'),
(52, 0, 47, 9, 0, '1'),
(53, 0, 48, 9, 0, '2'),
(54, 0, 37, 10, 0, '1'),
(55, 0, 38, 10, 0, '1'),
(56, 0, 39, 10, 0, '1'),
(57, 0, 40, 10, 0, '1'),
(58, 0, 41, 10, 0, '1'),
(59, 0, 42, 10, 0, '2'),
(60, 0, 37, 11, 0, '1'),
(61, 0, 38, 11, 0, '1'),
(62, 0, 39, 11, 0, '1'),
(63, 0, 40, 11, 0, '1'),
(64, 0, 41, 11, 0, '1'),
(65, 0, 42, 11, 0, '2'),
(66, 0, 37, 12, 0, '1'),
(67, 0, 38, 12, 0, '3'),
(68, 0, 39, 12, 0, '1'),
(69, 0, 40, 12, 0, '1'),
(70, 0, 41, 12, 0, '1'),
(71, 0, 42, 12, 0, '4'),
(72, 0, 43, 13, 0, '2'),
(73, 0, 44, 13, 0, '1'),
(74, 0, 45, 13, 0, '1'),
(75, 0, 46, 13, 0, '1'),
(76, 0, 47, 13, 0, '1'),
(77, 0, 48, 13, 0, '1'),
(78, 0, 37, 14, 0, '1'),
(79, 0, 38, 14, 0, '1'),
(80, 0, 39, 14, 0, '1'),
(81, 0, 40, 14, 0, '1'),
(82, 0, 41, 14, 0, '3'),
(83, 0, 42, 14, 0, '2'),
(84, 0, 37, 15, 0, '1'),
(85, 0, 38, 15, 0, '2'),
(86, 0, 39, 15, 0, '1'),
(87, 0, 40, 15, 0, '1'),
(88, 0, 41, 15, 0, '2'),
(89, 0, 42, 15, 0, '3'),
(90, 0, 43, 16, 0, '2'),
(91, 0, 44, 16, 0, '1'),
(92, 0, 45, 16, 0, '1'),
(93, 0, 46, 16, 0, '1'),
(94, 0, 47, 16, 0, '1'),
(95, 0, 48, 16, 0, '2'),
(96, 0, 43, 17, 0, '2'),
(97, 0, 44, 17, 0, '2'),
(98, 0, 45, 17, 0, '1'),
(99, 0, 46, 17, 0, '1'),
(100, 0, 47, 17, 0, '3'),
(101, 0, 48, 17, 0, '3'),
(102, 0, 43, 18, 0, '2'),
(103, 0, 44, 18, 0, '2'),
(104, 0, 45, 18, 0, '1'),
(105, 0, 46, 18, 0, '1'),
(106, 0, 47, 18, 0, '1'),
(107, 0, 48, 18, 0, '3'),
(108, 0, 43, 19, 0, '2'),
(109, 0, 44, 19, 0, '2'),
(110, 0, 45, 19, 0, '1'),
(111, 0, 46, 19, 0, '1'),
(112, 0, 47, 19, 0, '1'),
(113, 0, 48, 19, 0, '3'),
(114, 0, 37, 20, 0, '1'),
(115, 0, 38, 20, 0, '2'),
(116, 0, 39, 20, 0, '1'),
(117, 0, 40, 20, 0, '1'),
(118, 0, 41, 20, 0, '1'),
(119, 0, 42, 20, 0, '1'),
(120, 0, 43, 21, 0, '1'),
(121, 0, 44, 21, 0, '1'),
(122, 0, 45, 21, 0, '1'),
(123, 0, 46, 21, 0, '1'),
(124, 0, 47, 21, 0, '1'),
(125, 0, 48, 21, 0, '3'),
(126, 0, 43, 22, 0, '2'),
(127, 0, 44, 22, 0, '1'),
(128, 0, 45, 22, 0, '1'),
(129, 0, 46, 22, 0, '1'),
(130, 0, 47, 22, 0, '1'),
(131, 0, 48, 22, 0, '4'),
(132, 0, 37, 23, 0, '2'),
(133, 0, 38, 23, 0, '1'),
(134, 0, 39, 23, 0, '1'),
(135, 0, 40, 23, 0, '1'),
(136, 0, 41, 23, 0, '1'),
(137, 0, 42, 23, 0, '3'),
(138, 0, 43, 24, 0, '2'),
(139, 0, 44, 24, 0, '1'),
(140, 0, 45, 24, 0, '1'),
(141, 0, 46, 24, 0, '1'),
(142, 0, 47, 24, 0, '1'),
(143, 0, 48, 24, 0, '2'),
(144, 0, 43, 25, 0, '2'),
(145, 0, 44, 25, 0, '1'),
(146, 0, 45, 25, 0, '1'),
(147, 0, 46, 25, 0, '1'),
(148, 0, 47, 25, 0, '2'),
(149, 0, 48, 25, 0, '4'),
(150, 0, 43, 26, 0, '1'),
(151, 0, 44, 26, 0, '1'),
(152, 0, 45, 26, 0, '1'),
(153, 0, 46, 26, 0, '1'),
(154, 0, 47, 26, 0, '1'),
(155, 0, 48, 26, 0, '3'),
(156, 0, 43, 27, 0, '1'),
(157, 0, 44, 27, 0, '1'),
(158, 0, 45, 27, 0, '1'),
(159, 0, 46, 27, 0, '1'),
(160, 0, 47, 27, 0, '2'),
(161, 0, 48, 27, 0, '3'),
(162, 0, 43, 28, 0, '2'),
(163, 0, 44, 28, 0, '1'),
(164, 0, 45, 28, 0, '1'),
(165, 0, 46, 28, 0, '1'),
(166, 0, 47, 28, 0, '1'),
(167, 0, 48, 28, 0, '3'),
(168, 0, 37, 29, 0, '1'),
(169, 0, 38, 29, 0, '1'),
(170, 0, 39, 29, 0, '1'),
(171, 0, 40, 29, 0, '1'),
(172, 0, 41, 29, 0, '1'),
(173, 0, 42, 29, 0, '3'),
(174, 0, 43, 30, 0, '2'),
(175, 0, 44, 30, 0, '1'),
(176, 0, 45, 30, 0, '1'),
(177, 0, 46, 30, 0, '1'),
(178, 0, 47, 30, 0, '1'),
(179, 0, 48, 30, 0, '3'),
(180, 0, 43, 31, 0, '1'),
(181, 0, 44, 31, 0, '1'),
(182, 0, 45, 31, 0, '1'),
(183, 0, 46, 31, 0, '1'),
(184, 0, 47, 31, 0, '3'),
(185, 0, 48, 31, 0, '2'),
(186, 0, 43, 32, 0, '2'),
(187, 0, 44, 32, 0, '2'),
(188, 0, 45, 32, 0, '1'),
(189, 0, 46, 32, 0, '1'),
(190, 0, 47, 32, 0, '1'),
(191, 0, 48, 32, 0, '3'),
(192, 0, 43, 33, 0, '2'),
(193, 0, 44, 33, 0, '2'),
(194, 0, 45, 33, 0, '1'),
(195, 0, 46, 33, 0, '1'),
(196, 0, 47, 33, 0, '1'),
(197, 0, 48, 33, 0, '3'),
(198, 0, 37, 34, 0, '2'),
(199, 0, 38, 34, 0, '1'),
(200, 0, 39, 34, 0, '1'),
(201, 0, 40, 34, 0, '1'),
(202, 0, 41, 34, 0, '3'),
(203, 0, 42, 34, 0, '2'),
(204, 0, 43, 35, 0, '2'),
(205, 0, 44, 35, 0, '1'),
(206, 0, 45, 35, 0, '1'),
(207, 0, 46, 35, 0, '1'),
(208, 0, 47, 35, 0, '2'),
(209, 0, 48, 35, 0, '2'),
(210, 0, 43, 36, 0, '2'),
(211, 0, 44, 36, 0, '2'),
(212, 0, 45, 36, 0, '2'),
(213, 0, 46, 36, 0, '1'),
(214, 0, 47, 36, 0, '1'),
(215, 0, 48, 36, 0, '4'),
(216, 0, 43, 37, 0, '2'),
(217, 0, 44, 37, 0, '1'),
(218, 0, 45, 37, 0, '1'),
(219, 0, 46, 37, 0, '1'),
(220, 0, 47, 37, 0, '2'),
(221, 0, 48, 37, 0, '3'),
(222, 0, 43, 38, 0, '2'),
(223, 0, 44, 38, 0, '1'),
(224, 0, 45, 38, 0, '1'),
(225, 0, 46, 38, 0, '1'),
(226, 0, 47, 38, 0, '3'),
(227, 0, 48, 38, 0, '4'),
(228, 0, 43, 39, 0, '2'),
(229, 0, 44, 39, 0, '1'),
(230, 0, 45, 39, 0, '1'),
(231, 0, 46, 39, 0, '1'),
(232, 0, 47, 39, 0, '1'),
(233, 0, 48, 39, 0, '2'),
(234, 0, 43, 40, 0, '1'),
(235, 0, 44, 40, 0, '1'),
(236, 0, 45, 40, 0, '1'),
(237, 0, 46, 40, 0, '1'),
(238, 0, 47, 40, 0, '1'),
(239, 0, 48, 40, 0, '3'),
(240, 0, 43, 41, 0, '2'),
(241, 0, 44, 41, 0, '1'),
(242, 0, 45, 41, 0, '1'),
(243, 0, 46, 41, 0, '1'),
(244, 0, 47, 41, 0, '1'),
(245, 0, 48, 41, 0, '2'),
(246, 0, 37, 42, 0, '2'),
(247, 0, 38, 42, 0, '1'),
(248, 0, 39, 42, 0, '1'),
(249, 0, 40, 42, 0, '1'),
(250, 0, 41, 42, 0, '1'),
(251, 0, 42, 42, 0, '2'),
(252, 0, 37, 43, 0, '2'),
(253, 0, 38, 43, 0, '2'),
(254, 0, 39, 43, 0, '1'),
(255, 0, 40, 43, 0, '1'),
(256, 0, 41, 43, 0, '1'),
(257, 0, 42, 43, 0, '2'),
(258, 0, 43, 44, 0, '2'),
(259, 0, 44, 44, 0, '1'),
(260, 0, 45, 44, 0, '1'),
(261, 0, 46, 44, 0, '1'),
(262, 0, 47, 44, 0, '1'),
(263, 0, 48, 44, 0, '3'),
(264, 0, 43, 45, 0, '2'),
(265, 0, 44, 45, 0, '1'),
(266, 0, 45, 45, 0, '1'),
(267, 0, 46, 45, 0, '1'),
(268, 0, 47, 45, 0, '1'),
(269, 0, 48, 45, 0, '2'),
(270, 0, 43, 46, 0, '2'),
(271, 0, 44, 46, 0, '1'),
(272, 0, 45, 46, 0, '1'),
(273, 0, 46, 46, 0, '1'),
(274, 0, 47, 46, 0, '1'),
(275, 0, 48, 46, 0, '2'),
(276, 0, 43, 47, 0, '2'),
(277, 0, 44, 47, 0, '1'),
(278, 0, 45, 47, 0, '1'),
(279, 0, 46, 47, 0, '1'),
(280, 0, 47, 47, 0, '1'),
(281, 0, 48, 47, 0, '4'),
(282, 0, 43, 48, 0, '2'),
(283, 0, 44, 48, 0, '1'),
(284, 0, 45, 48, 0, '1'),
(285, 0, 46, 48, 0, '1'),
(286, 0, 47, 48, 0, '1'),
(287, 0, 48, 48, 0, '4'),
(288, 0, 43, 49, 0, '2'),
(289, 0, 44, 49, 0, '2'),
(290, 0, 45, 49, 0, '1'),
(291, 0, 46, 49, 0, '1'),
(292, 0, 47, 49, 0, '1'),
(293, 0, 48, 49, 0, '3'),
(294, 0, 43, 50, 0, '2'),
(295, 0, 44, 50, 0, '1'),
(296, 0, 45, 50, 0, '1'),
(297, 0, 46, 50, 0, '1'),
(298, 0, 47, 50, 0, '1'),
(299, 0, 48, 50, 0, '4'),
(300, 0, 43, 51, 0, '2'),
(301, 0, 44, 51, 0, '1'),
(302, 0, 45, 51, 0, '1'),
(303, 0, 46, 51, 0, '1'),
(304, 0, 47, 51, 0, '1'),
(305, 0, 48, 51, 0, '2'),
(306, 0, 43, 52, 0, '2'),
(307, 0, 44, 52, 0, '1'),
(308, 0, 45, 52, 0, '2'),
(309, 0, 46, 52, 0, '2'),
(310, 0, 47, 52, 0, '3'),
(311, 0, 48, 52, 0, '3'),
(312, 0, 43, 53, 0, '2'),
(313, 0, 44, 53, 0, '1'),
(314, 0, 45, 53, 0, '1'),
(315, 0, 46, 53, 0, '1'),
(316, 0, 47, 53, 0, '1'),
(317, 0, 48, 53, 0, '4'),
(318, 0, 43, 54, 0, '2'),
(319, 0, 44, 54, 0, '1'),
(320, 0, 45, 54, 0, '1'),
(321, 0, 46, 54, 0, '1'),
(322, 0, 47, 54, 0, '1'),
(323, 0, 48, 54, 0, '4'),
(324, 0, 43, 55, 0, '2'),
(325, 0, 44, 55, 0, '1'),
(326, 0, 45, 55, 0, '1'),
(327, 0, 46, 55, 0, '1'),
(328, 0, 47, 55, 0, '2'),
(329, 0, 48, 55, 0, '3'),
(330, 0, 43, 56, 0, '2'),
(331, 0, 44, 56, 0, '1'),
(332, 0, 45, 56, 0, '1'),
(333, 0, 46, 56, 0, '1'),
(334, 0, 47, 56, 0, '3'),
(335, 0, 48, 56, 0, '4'),
(336, 0, 43, 57, 0, '2'),
(337, 0, 44, 57, 0, '1'),
(338, 0, 45, 57, 0, '1'),
(339, 0, 46, 57, 0, '2'),
(340, 0, 47, 57, 0, '3'),
(341, 0, 48, 57, 0, '2'),
(342, 0, 43, 58, 0, '2'),
(343, 0, 44, 58, 0, '2'),
(344, 0, 45, 58, 0, '1'),
(345, 0, 46, 58, 0, '1'),
(346, 0, 47, 58, 0, '2'),
(347, 0, 48, 58, 0, '2'),
(348, 0, 43, 59, 0, '2'),
(349, 0, 44, 59, 0, '2'),
(350, 0, 45, 59, 0, '1'),
(351, 0, 46, 59, 0, '1'),
(352, 0, 47, 59, 0, '2'),
(353, 0, 48, 59, 0, '2'),
(354, 0, 43, 60, 0, '1'),
(355, 0, 44, 60, 0, '2'),
(356, 0, 45, 60, 0, '1'),
(357, 0, 46, 60, 0, '1'),
(358, 0, 47, 60, 0, '1'),
(359, 0, 48, 60, 0, '3'),
(360, 0, 43, 61, 0, '2'),
(361, 0, 44, 61, 0, '1'),
(362, 0, 45, 61, 0, '1'),
(363, 0, 46, 61, 0, '1'),
(364, 0, 47, 61, 0, '2'),
(365, 0, 48, 61, 0, '3'),
(366, 0, 43, 62, 0, '2'),
(367, 0, 44, 62, 0, '2'),
(368, 0, 45, 62, 0, '1'),
(369, 0, 46, 62, 0, '1'),
(370, 0, 47, 62, 0, '2'),
(371, 0, 48, 62, 0, '2'),
(372, 0, 43, 63, 0, '2'),
(373, 0, 44, 63, 0, '2'),
(374, 0, 45, 63, 0, '1'),
(375, 0, 46, 63, 0, '1'),
(376, 0, 47, 63, 0, '3'),
(377, 0, 48, 63, 0, '2'),
(378, 0, 43, 64, 0, '1'),
(379, 0, 44, 64, 0, '1'),
(380, 0, 45, 64, 0, '1'),
(381, 0, 46, 64, 0, '1'),
(382, 0, 47, 64, 0, '1'),
(383, 0, 48, 64, 0, '3'),
(384, 0, 37, 65, 0, '1'),
(385, 0, 38, 65, 0, '1'),
(386, 0, 39, 65, 0, '1'),
(387, 0, 40, 65, 0, '1'),
(388, 0, 41, 65, 0, '1'),
(389, 0, 42, 65, 0, '1'),
(390, 0, 43, 66, 0, '1'),
(391, 0, 44, 66, 0, '1'),
(392, 0, 45, 66, 0, '1'),
(393, 0, 46, 66, 0, '2'),
(394, 0, 47, 66, 0, '2'),
(395, 0, 48, 66, 0, '4'),
(396, 0, 43, 67, 0, '1'),
(397, 0, 44, 67, 0, '1'),
(398, 0, 45, 67, 0, '1'),
(399, 0, 46, 67, 0, '1'),
(400, 0, 47, 67, 0, '2'),
(401, 0, 48, 67, 0, '3'),
(402, 0, 43, 68, 0, '1'),
(403, 0, 44, 68, 0, '1'),
(404, 0, 45, 68, 0, '1'),
(405, 0, 46, 68, 0, '1'),
(406, 0, 47, 68, 0, '1'),
(407, 0, 48, 68, 0, '2'),
(408, 0, 37, 69, 0, '1'),
(409, 0, 38, 69, 0, '2'),
(410, 0, 39, 69, 0, '1'),
(411, 0, 40, 69, 0, '1'),
(412, 0, 41, 69, 0, '2'),
(413, 0, 42, 69, 0, '4'),
(414, 0, 37, 70, 0, '1'),
(415, 0, 38, 70, 0, '1'),
(416, 0, 39, 70, 0, '1'),
(417, 0, 40, 70, 0, '1'),
(418, 0, 41, 70, 0, '1'),
(419, 0, 42, 70, 0, '2'),
(420, 0, 43, 71, 0, '2'),
(421, 0, 44, 71, 0, '1'),
(422, 0, 45, 71, 0, '1'),
(423, 0, 46, 71, 0, '1'),
(424, 0, 47, 71, 0, '1'),
(425, 0, 48, 71, 0, '3'),
(426, 0, 43, 72, 0, '2'),
(427, 0, 44, 72, 0, '1'),
(428, 0, 45, 72, 0, '1'),
(429, 0, 46, 72, 0, '1'),
(430, 0, 47, 72, 0, '2'),
(431, 0, 48, 72, 0, '3'),
(432, 0, 37, 73, 0, '1'),
(433, 0, 38, 73, 0, '1'),
(434, 0, 39, 73, 0, '1'),
(435, 0, 40, 73, 0, '1'),
(436, 0, 41, 73, 0, '1'),
(437, 0, 42, 73, 0, '3'),
(438, 0, 37, 74, 0, '2'),
(439, 0, 38, 74, 0, '1'),
(440, 0, 39, 74, 0, '1'),
(441, 0, 40, 74, 0, '1'),
(442, 0, 41, 74, 0, '1'),
(443, 0, 42, 74, 0, '4'),
(444, 0, 37, 75, 0, '1'),
(445, 0, 38, 75, 0, '1'),
(446, 0, 39, 75, 0, '1'),
(447, 0, 40, 75, 0, '1'),
(448, 0, 41, 75, 0, '1'),
(449, 0, 42, 75, 0, '4'),
(450, 0, 37, 76, 0, '1'),
(451, 0, 38, 76, 0, '1'),
(452, 0, 39, 76, 0, '1'),
(453, 0, 40, 76, 0, '1'),
(454, 0, 41, 76, 0, '1'),
(455, 0, 42, 76, 0, '4'),
(456, 0, 37, 77, 0, '2'),
(457, 0, 38, 77, 0, '2'),
(458, 0, 39, 77, 0, '1'),
(459, 0, 40, 77, 0, '1'),
(460, 0, 41, 77, 0, '1'),
(461, 0, 42, 77, 0, '2'),
(462, 0, 37, 78, 0, '1'),
(463, 0, 38, 78, 0, '2'),
(464, 0, 39, 78, 0, '1'),
(465, 0, 40, 78, 0, '1'),
(466, 0, 41, 78, 0, '1'),
(467, 0, 42, 78, 0, '3'),
(468, 0, 37, 79, 0, '1'),
(469, 0, 38, 79, 0, '1'),
(470, 0, 39, 79, 0, '1'),
(471, 0, 40, 79, 0, '1'),
(472, 0, 41, 79, 0, '1'),
(473, 0, 42, 79, 0, '3'),
(474, 0, 37, 80, 0, '2'),
(475, 0, 38, 80, 0, '2'),
(476, 0, 39, 80, 0, '1'),
(477, 0, 40, 80, 0, '1'),
(478, 0, 41, 80, 0, '1'),
(479, 0, 42, 80, 0, '3'),
(480, 0, 37, 81, 0, '2'),
(481, 0, 38, 81, 0, '1'),
(482, 0, 39, 81, 0, '2'),
(483, 0, 40, 81, 0, '2'),
(484, 0, 41, 81, 0, '3'),
(485, 0, 42, 81, 0, '1'),
(486, 0, 37, 82, 0, '2'),
(487, 0, 38, 82, 0, '3'),
(488, 0, 39, 82, 0, '1'),
(489, 0, 40, 82, 0, '1'),
(490, 0, 41, 82, 0, '3'),
(491, 0, 42, 82, 0, '3'),
(492, 0, 37, 83, 0, '1'),
(493, 0, 38, 83, 0, '2'),
(494, 0, 39, 83, 0, '1'),
(495, 0, 40, 83, 0, '1'),
(496, 0, 41, 83, 0, '1'),
(497, 0, 42, 83, 0, '4'),
(498, 0, 37, 84, 0, '1'),
(499, 0, 38, 84, 0, '1'),
(500, 0, 39, 84, 0, '1'),
(501, 0, 40, 84, 0, '1'),
(502, 0, 41, 84, 0, '1'),
(503, 0, 42, 84, 0, '4'),
(504, 0, 37, 85, 0, '2'),
(505, 0, 38, 85, 0, '1'),
(506, 0, 39, 85, 0, '1'),
(507, 0, 40, 85, 0, '1'),
(508, 0, 41, 85, 0, '1'),
(509, 0, 42, 85, 0, '2'),
(510, 0, 37, 86, 0, '1'),
(511, 0, 38, 86, 0, '1'),
(512, 0, 39, 86, 0, '1'),
(513, 0, 40, 86, 0, '1'),
(514, 0, 41, 86, 0, '2'),
(515, 0, 42, 86, 0, '3'),
(516, 0, 37, 87, 0, '1'),
(517, 0, 38, 87, 0, '2'),
(518, 0, 39, 87, 0, '1'),
(519, 0, 40, 87, 0, '1'),
(520, 0, 41, 87, 0, '3'),
(521, 0, 42, 87, 0, '2'),
(522, 0, 37, 88, 0, '2'),
(523, 0, 38, 88, 0, '1'),
(524, 0, 39, 88, 0, '1'),
(525, 0, 40, 88, 0, '1'),
(526, 0, 41, 88, 0, '1'),
(527, 0, 42, 88, 0, '3'),
(528, 0, 37, 89, 0, '2'),
(529, 0, 38, 89, 0, '1'),
(530, 0, 39, 89, 0, '1'),
(531, 0, 40, 89, 0, '1'),
(532, 0, 41, 89, 0, '1'),
(533, 0, 42, 89, 0, '2'),
(534, 0, 37, 90, 0, '1'),
(535, 0, 38, 90, 0, '1'),
(536, 0, 39, 90, 0, '1'),
(537, 0, 40, 90, 0, '1'),
(538, 0, 41, 90, 0, '3'),
(539, 0, 42, 90, 0, '3'),
(540, 0, 37, 91, 0, '1'),
(541, 0, 38, 91, 0, '2'),
(542, 0, 39, 91, 0, '1'),
(543, 0, 40, 91, 0, '1'),
(544, 0, 41, 91, 0, '1'),
(545, 0, 42, 91, 0, '1'),
(546, 0, 43, 92, 0, '1'),
(547, 0, 44, 92, 0, '1'),
(548, 0, 45, 92, 0, '1'),
(549, 0, 46, 92, 0, '2'),
(550, 0, 47, 92, 0, '3'),
(551, 0, 48, 92, 0, '3'),
(552, 0, 43, 93, 0, '2'),
(553, 0, 44, 93, 0, '2'),
(554, 0, 45, 93, 0, '1'),
(555, 0, 46, 93, 0, '1'),
(556, 0, 47, 93, 0, '1'),
(557, 0, 48, 93, 0, '4'),
(558, 0, 82, 94, 0, '6'),
(559, 0, 83, 94, 0, '8'),
(560, 0, 84, 94, 0, '8'),
(561, 0, 82, 95, 0, '4'),
(562, 0, 83, 95, 0, ''),
(563, 0, 84, 95, 0, ''),
(564, 0, 37, 96, 0, '2'),
(565, 0, 38, 96, 0, '1'),
(566, 0, 39, 96, 0, '1'),
(567, 0, 40, 96, 0, '1'),
(568, 0, 41, 96, 0, '1'),
(569, 0, 42, 96, 0, '2'),
(570, 0, 69, 97, 0, '2'),
(571, 0, 70, 97, 0, '2'),
(572, 0, 71, 97, 0, '2'),
(573, 0, 72, 97, 0, '3'),
(574, 0, 73, 97, 0, '4'),
(575, 0, 43, 98, 0, '2'),
(576, 0, 44, 98, 0, '2'),
(577, 0, 45, 98, 0, '1'),
(578, 0, 46, 98, 0, '1'),
(579, 0, 47, 98, 0, '1'),
(580, 0, 48, 98, 0, '2'),
(581, 0, 82, 99, 0, '4'),
(582, 0, 83, 99, 0, ''),
(583, 0, 84, 99, 0, ''),
(584, 0, 43, 100, 0, '2'),
(585, 0, 44, 100, 0, '2'),
(586, 0, 45, 100, 0, '1'),
(587, 0, 46, 100, 0, '1'),
(588, 0, 47, 100, 0, '1'),
(589, 0, 48, 100, 0, '1'),
(590, 0, 43, 101, 0, '1'),
(591, 0, 44, 101, 0, '1'),
(592, 0, 45, 101, 0, '1'),
(593, 0, 46, 101, 0, '1'),
(594, 0, 47, 101, 0, '1'),
(595, 0, 48, 101, 0, '2'),
(596, 0, 37, 102, 0, '1'),
(597, 0, 38, 102, 0, '1'),
(598, 0, 39, 102, 0, '1'),
(599, 0, 40, 102, 0, '1'),
(600, 0, 41, 102, 0, '1'),
(601, 0, 42, 102, 0, '1'),
(602, 0, 37, 103, 0, '2'),
(603, 0, 38, 103, 0, '1'),
(604, 0, 39, 103, 0, '1'),
(605, 0, 40, 103, 0, '1'),
(606, 0, 41, 103, 0, '1'),
(607, 0, 42, 103, 0, '3'),
(608, 0, 43, 104, 0, '2'),
(609, 0, 44, 104, 0, '1'),
(610, 0, 45, 104, 0, '1'),
(611, 0, 46, 104, 0, '1'),
(612, 0, 47, 104, 0, '1'),
(613, 0, 48, 104, 0, '3'),
(614, 0, 37, 105, 0, '1'),
(615, 0, 38, 105, 0, '1'),
(616, 0, 39, 105, 0, '1'),
(617, 0, 40, 105, 0, '1'),
(618, 0, 41, 105, 0, '3'),
(619, 0, 42, 105, 0, '1'),
(620, 0, 37, 106, 0, '1'),
(621, 0, 38, 106, 0, '1'),
(622, 0, 39, 106, 0, '1'),
(623, 0, 40, 106, 0, '1'),
(624, 0, 41, 106, 0, '3'),
(625, 0, 42, 106, 0, '3'),
(626, 0, 43, 107, 0, '2'),
(627, 0, 44, 107, 0, '1'),
(628, 0, 45, 107, 0, '1'),
(629, 0, 46, 107, 0, '1'),
(630, 0, 47, 107, 0, '1'),
(631, 0, 48, 107, 0, '4');

-- --------------------------------------------------------

--
-- Структура таблицы `mdl_feedback_valuetmp`
--

CREATE TABLE IF NOT EXISTS `mdl_feedback_valuetmp` (
  `id` bigint(10) NOT NULL,
  `course_id` bigint(10) NOT NULL DEFAULT '0',
  `item` bigint(10) NOT NULL DEFAULT '0',
  `completed` bigint(10) NOT NULL DEFAULT '0',
  `tmp_completed` bigint(10) NOT NULL DEFAULT '0',
  `value` longtext NOT NULL
) ENGINE=InnoDB AUTO_INCREMENT=47 DEFAULT CHARSET=utf8 COMMENT='values of the completedstmp';

--
-- Дамп данных таблицы `mdl_feedback_valuetmp`
--

INSERT INTO `mdl_feedback_valuetmp` (`id`, `course_id`, `item`, `completed`, `tmp_completed`, `value`) VALUES
(42, 0, 69, 9, 0, '1'),
(43, 0, 70, 9, 0, '2'),
(44, 0, 71, 9, 0, '2'),
(45, 0, 72, 9, 0, '2'),
(46, 0, 73, 9, 0, '4');

--
-- Индексы сохранённых таблиц
--

--
-- Индексы таблицы `mdl_feedback`
--
ALTER TABLE `mdl_feedback`
  ADD PRIMARY KEY (`id`), ADD KEY `mdl_feed_cou_ix` (`course`);

--
-- Индексы таблицы `mdl_feedback_completed`
--
ALTER TABLE `mdl_feedback_completed`
  ADD PRIMARY KEY (`id`), ADD KEY `mdl_feedcomp_use_ix` (`userid`), ADD KEY `mdl_feedcomp_fee_ix` (`feedback`);

--
-- Индексы таблицы `mdl_feedback_completedtmp`
--
ALTER TABLE `mdl_feedback_completedtmp`
  ADD PRIMARY KEY (`id`), ADD KEY `mdl_feedcomp_use2_ix` (`userid`), ADD KEY `mdl_feedcomp_fee2_ix` (`feedback`);

--
-- Индексы таблицы `mdl_feedback_item`
--
ALTER TABLE `mdl_feedback_item`
  ADD PRIMARY KEY (`id`), ADD KEY `mdl_feeditem_fee_ix` (`feedback`), ADD KEY `mdl_feeditem_tem_ix` (`template`);

--
-- Индексы таблицы `mdl_feedback_sitecourse_map`
--
ALTER TABLE `mdl_feedback_sitecourse_map`
  ADD PRIMARY KEY (`id`), ADD KEY `mdl_feedsitemap_cou_ix` (`courseid`), ADD KEY `mdl_feedsitemap_fee_ix` (`feedbackid`);

--
-- Индексы таблицы `mdl_feedback_template`
--
ALTER TABLE `mdl_feedback_template`
  ADD PRIMARY KEY (`id`), ADD KEY `mdl_feedtemp_cou_ix` (`course`);

--
-- Индексы таблицы `mdl_feedback_value`
--
ALTER TABLE `mdl_feedback_value`
  ADD PRIMARY KEY (`id`), ADD UNIQUE KEY `mdl_feedvalu_comitecou_uix` (`completed`,`item`,`course_id`), ADD KEY `mdl_feedvalu_cou_ix` (`course_id`), ADD KEY `mdl_feedvalu_ite_ix` (`item`);

--
-- Индексы таблицы `mdl_feedback_valuetmp`
--
ALTER TABLE `mdl_feedback_valuetmp`
  ADD PRIMARY KEY (`id`), ADD UNIQUE KEY `mdl_feedvalu_comitecou2_uix` (`completed`,`item`,`course_id`), ADD KEY `mdl_feedvalu_cou2_ix` (`course_id`), ADD KEY `mdl_feedvalu_ite2_ix` (`item`);

--
-- AUTO_INCREMENT для сохранённых таблиц
--

--
-- AUTO_INCREMENT для таблицы `mdl_feedback`
--
ALTER TABLE `mdl_feedback`
  MODIFY `id` bigint(10) NOT NULL AUTO_INCREMENT,AUTO_INCREMENT=13;
--
-- AUTO_INCREMENT для таблицы `mdl_feedback_completed`
--
ALTER TABLE `mdl_feedback_completed`
  MODIFY `id` bigint(10) NOT NULL AUTO_INCREMENT,AUTO_INCREMENT=108;
--
-- AUTO_INCREMENT для таблицы `mdl_feedback_completedtmp`
--
ALTER TABLE `mdl_feedback_completedtmp`
  MODIFY `id` bigint(10) NOT NULL AUTO_INCREMENT,AUTO_INCREMENT=10;
--
-- AUTO_INCREMENT для таблицы `mdl_feedback_item`
--
ALTER TABLE `mdl_feedback_item`
  MODIFY `id` bigint(10) NOT NULL AUTO_INCREMENT,AUTO_INCREMENT=85;
--
-- AUTO_INCREMENT для таблицы `mdl_feedback_sitecourse_map`
--
ALTER TABLE `mdl_feedback_sitecourse_map`
  MODIFY `id` bigint(10) NOT NULL AUTO_INCREMENT;
--
-- AUTO_INCREMENT для таблицы `mdl_feedback_template`
--
ALTER TABLE `mdl_feedback_template`
  MODIFY `id` bigint(10) NOT NULL AUTO_INCREMENT;
--
-- AUTO_INCREMENT для таблицы `mdl_feedback_value`
--
ALTER TABLE `mdl_feedback_value`
  MODIFY `id` bigint(10) NOT NULL AUTO_INCREMENT,AUTO_INCREMENT=632;
--
-- AUTO_INCREMENT для таблицы `mdl_feedback_valuetmp`
--
ALTER TABLE `mdl_feedback_valuetmp`
  MODIFY `id` bigint(10) NOT NULL AUTO_INCREMENT,AUTO_INCREMENT=47;
/*!40101 SET CHARACTER_SET_CLIENT=@OLD_CHARACTER_SET_CLIENT */;
/*!40101 SET CHARACTER_SET_RESULTS=@OLD_CHARACTER_SET_RESULTS */;
/*!40101 SET COLLATION_CONNECTION=@OLD_COLLATION_CONNECTION */;
